team,runs,wkts,bat_or_bowl,avg_runs_per_match,avg_wkts_per_match
AFG,4134,53.0,bat,459.3333333333333,5.888888888888889
AUS,5234,77.0,bat,523.4,7.7
BAN,4358,51.0,bat,484.22222222222223,5.666666666666667
ENG,4396,65.0,bat,488.44444444444446,7.222222222222222
IND,4783,94.0,bat,478.3,9.4
NED,4268,63.0,bat,474.22222222222223,7.0
NZ,5376,71.0,bat,537.6,7.1
PAK,4786,65.0,bat,531.7777777777778,7.222222222222222
SA,5097,88.0,bat,509.7,8.8
SL,4366,50.0,bat,485.1111111111111,5.555555555555555
